{"cameraMode":{"drawMode":0,"name":"Shaded","section":"Shading Mode"},"sceneLighting":true,"audioPlay":false,"sceneViewState":{"showFog":true,"showMaterialUpdate":false,"showSkybox":true,"showFlares":true,"showImageEffects":true,"showParticleSystems":true},"in2DMode":false,"pivot":{"x":-0.9576876163482666,"y":1.4829821586608887,"z":-0.9217410087585449},"rotation":{"x":0.2219432294368744,"y":0.005845862440764904,"z":-0.0013307592598721386,"w":0.9750479459762573},"size":2.1853725910186769,"orthographic":false}